1,-65.83333333333313
2,-57.333333333333144
3,-72.70833333333331
4,-71.81944444444443
5,-72.81944444444443
6,-72.65277777777776
7,-72.98611111111111
8,-72.98611111111111
9,-72.98611111111111
10,-71.98611111111111
11,-71.37499999999986
12,-72.15277777777764
13,-69.6111111111109
14,-69.6111111111109
15,-69.6111111111109
16,-29.999999999999908
17,-10.69444444444442
18,-15.402777777777764
19,-7.999999999999991
20,-6.94444444444444
21,-8.652777777777771
22,-5.0972222222222205
23,-7.708333333333331
24,-14.52777777777773
25,-7.51388888888888
26,13.20833333333336
27,11.958333333333396
28,-3.625
29,-3.5833333333333304
30,-10.708333333333313
31,-12.722222222222223
32,-7.624999999999991
33,-8.250000000000002
34,-10.83333333333332
35,-8.638888888888882
36,-14.736111111111066
37,-1.90277777777778
38,-5.26388888888888
39,-13.402777777777766
40,-5.305555555555551
41,12.736111111111132
42,-23.01388888888887
43,-7.055555555555551
44,-10.29166666666665
45,-3.666666666666643
46,19.541666666666686
47,-14.958333333333307
48,-7.388888888888881
49,-5.3472222222222205
50,-27.722222222222072
51,9.430555555555625
52,-5.0972222222222205
53,-20.541666666666618
54,-2.76388888888889
55,-15.597222222222143
56,-14.180555555555541
57,-6.736111111111101
58,-10.916666666666654
59,18.916666666666686
60,-5.0972222222222205
61,-7.624999999999991
62,-1.90277777777778
63,-13.305555555555564
64,-10.77777777777776
65,-3.5833333333333304
66,-5.0972222222222205
67,-5.791666666666661
68,19.291666666666686
69,-2.76388888888889
70,19.86111111111113
71,-9.249999999999991
72,-4.361111111111111
73,19.583333333333346
74,-7.055555555555551
75,-10.166666666666652
76,-7.624999999999991
77,-7.138888888888881
78,-5.3472222222222205
79,-3.5833333333333304
80,-8.152777777777771
81,-6.444444444444441
82,-4.44444444444444
83,-11.805555555555543
84,-9.847222222222213
85,-9.56944444444443
86,-2.76388888888889
87,-10.083333333333321
88,-9.847222222222213
89,-10.166666666666652
90,-3.5833333333333304
91,-5.0972222222222205
92,19.86111111111113
93,-7.055555555555551
94,-6.444444444444441
95,-2.76388888888889
96,19.86111111111113
97,-5.791666666666661
98,18.68055555555558
99,-7.055555555555551
100,-9.486111111111102
101,-8.638888888888882
102,-2.76388888888889
103,-9.305555555555552
104,18.916666666666686
105,-3.5833333333333304
106,-8.680555555555552
107,-7.388888888888881
108,-22.305555555555472
109,16.555555555555575
110,-8.152777777777771
111,-5.305555555555551
112,10.40277777777779
113,-6.56944444444444
114,-65.9861111111111
115,17.527777777777786
116,19.86111111111113
117,19.86111111111113
118,-15.09722222222222
119,-14.43055555555555
120,19.86111111111113
121,-49.41666666666665
122,19.86111111111113
123,-10.444444444444432
124,-15.263888888888872
125,-19.20833333333331
126,-11.444444444444432
127,6.6388888888889355
128,-2.76388888888889
129,-12.055555555555543
130,-1.2222222222222143
131,-64.0972222222222
132,17.93055555555558
133,-57.63888888888889
134,-7.624999999999991
135,-71.88888888888889
136,-69.51388888888889
137,-72.73611111111111
138,-72.98611111111111
139,-72.87499999999999
140,-72.98611111111111
141,-72.37499999999994
142,-72.09722222222214
143,-72.70833333333331
144,-72.48611111111107
145,-1.749999999999872
146,-2.76388888888889
147,-11.624999999999982
148,-7.624999999999991
149,-9.486111111111102
150,-14.19444444444443
151,-8.152777777777771
152,17.93055555555558
153,-26.30555555555552
154,-5.0972222222222205
155,-70.77777777777752
156,18.263888888888907
157,-8.638888888888882
158,-6.444444444444441
159,-7.624999999999991
160,-7.624999999999991
161,9.527777777777814
162,-10.166666666666652
163,15.555555555555578
164,-12.472222222222209
165,-7.624999999999991
166,-65.5694444444445
167,-15.055555555555541
168,19.86111111111113
169,-14.66666666666665
170,-5.222222222222211
171,-4.56944444444444
172,-5.791666666666661
173,19.86111111111113
174,-8.52777777777776
175,-10.38888888888888
176,-7.055555555555551
177,-6.444444444444441
178,-10.680555555555543
179,-6.444444444444441
180,-7.055555555555551
181,-5.791666666666661
182,-5.0972222222222205
183,-5.791666666666661
184,-9.083333333333321
185,19.86111111111113
186,-2.76388888888889
187,-4.361111111111111
188,19.86111111111113
189,-5.0972222222222205
190,-5.791666666666661
191,19.86111111111113
192,-2.76388888888889
193,19.86111111111113
194,19.291666666666686
195,-4.361111111111111
196,-3.5833333333333304
197,-10.111111111111112
198,-3.5833333333333304
199,-9.486111111111102
200,-3.5833333333333304
201,-10.444444444444432
202,19.86111111111113
203,-10.361111111111102
204,-4.361111111111111
205,-7.624999999999991
206,-6.444444444444441
207,-3.5833333333333304
208,-11.138888888888873
209,-8.638888888888882
210,-2.76388888888889
211,-10.166666666666652
212,-7.624999999999991
213,-5.875000000000001
214,-10.444444444444432
215,-7.624999999999991
216,19.86111111111113
217,-9.81944444444443
218,-7.624999999999991
219,-5.791666666666661
220,-3.5833333333333304
221,-3.5833333333333304
222,-9.083333333333321
223,-4.402777777777771
224,-6.736111111111101
225,19.86111111111113
226,-5.791666666666661
227,-7.624999999999991
228,-9.847222222222213
229,19.86111111111113
230,19.86111111111113
231,-9.847222222222213
232,-7.624999999999991
233,-2.76388888888889
234,-4.361111111111111
235,-10.444444444444432
236,-7.055555555555551
237,-7.624999999999991
238,-4.44444444444444
239,-6.444444444444441
240,19.86111111111113
241,-5.791666666666661
242,-5.791666666666661
243,-8.152777777777771
244,19.86111111111113
245,-8.638888888888882
246,-3.5833333333333304
247,-14.583333333333323
248,19.86111111111113
249,-9.486111111111102
250,-6.444444444444441
251,-8.152777777777771
252,-5.0972222222222205
253,19.86111111111113
254,-10.166666666666652
255,-6.444444444444441
256,-8.638888888888882
257,19.291666666666686
258,19.86111111111113
259,-6.444444444444441
260,-5.791666666666661
261,-5.0972222222222205
262,-10.861111111111079
263,-5.305555555555551
264,18.222222222222246
265,-9.486111111111102
266,-5.0972222222222205
267,-8.638888888888882
268,-7.624999999999991
269,-8.152777777777771
270,-7.624999999999991
271,-3.5833333333333304
272,19.86111111111113
273,-8.152777777777771
274,-3.5833333333333304
275,-8.638888888888882
276,-10.166666666666652
277,-2.76388888888889
278,-2.76388888888889
279,-5.791666666666661
280,-1.90277777777778
281,-7.708333333333331
282,-8.083333333333321
283,-9.583333333333321
284,-8.638888888888882
285,-9.486111111111102
286,-7.624999999999991
287,-8.152777777777771
288,-3.5833333333333304
289,19.86111111111113
290,-5.0972222222222205
291,19.86111111111113
292,-1.90277777777778
293,18.95833333333335
294,19.86111111111113
295,-9.9583333333333
296,-13.277777777777754
297,-31.999999999999975
298,-4.48611111111111
299,-11.305555555555518
300,17.97222222222225
301,-9.54166666666666
302,18.388888888888907
303,14.125000000000027
304,-40.958333333333385
305,-54.61111111111091
306,-69.24999999999999
307,19.86111111111113
308,-6.444444444444441
309,19.86111111111113
310,19.000000000000018
311,-11.138888888888873
312,-6.33333333333334
313,-10.874999999999982
314,-8.638888888888882
315,-7.055555555555551
316,-16.402777777777793
317,-12.097222222222202
318,-18.38888888888883
319,-6.444444444444441
320,-8.611111111111091
321,18.916666666666686
322,-5.791666666666661
323,-2.76388888888889
324,17.083333333333357
325,19.86111111111113
326,-9.83333333333332
327,-7.708333333333331
328,-6.041666666666661
329,-1.90277777777778
330,-2.76388888888889
331,-8.152777777777771
332,-2.76388888888889
333,19.86111111111113
334,-4.361111111111111
335,-11.263888888888872
336,-9.41666666666666
337,-12.402777777777773
338,19.86111111111113
339,-3.5833333333333304
340,-4.361111111111111
341,-5.18055555555555
342,18.916666666666686
343,-5.791666666666661
344,19.86111111111113
345,19.86111111111113
346,19.86111111111113
347,-10.986111111111102
348,19.86111111111113
349,19.86111111111113
350,19.86111111111113
351,19.86111111111113
352,-9.486111111111102
353,-3.5833333333333304
354,-5.791666666666661
355,19.86111111111113
356,-7.055555555555551
357,-1.90277777777778
358,19.86111111111113
359,-10.166666666666652
360,-8.638888888888882
361,-5.791666666666661
362,-7.624999999999991
363,-7.624999999999991
364,-4.361111111111111
365,-5.0972222222222205
366,-7.95833333333333
367,-8.79166666666666
368,-4.44444444444444
369,-5.305555555555551
370,-6.375
371,-11.37499999999998
372,-8.94444444444443
373,19.000000000000018
374,19.86111111111113
375,-8.763888888888882
376,-9.763888888888891
377,17.944444444444457
378,-4.48611111111111
379,-5.0972222222222205
380,-8.66666666666665
381,19.86111111111113
382,-9.611111111111121
383,-9.30555555555555
384,-3.5833333333333304
385,-8.09722222222223
386,8.124999999999993
387,-9.263888888888891
388,-5.0972222222222205
389,-7.27777777777777
390,-10.166666666666652
391,19.86111111111113
392,-5.791666666666661
393,-8.527777777777771
394,-5.0972222222222205
395,-3.5833333333333304
396,-9.486111111111102
397,19.208333333333346
398,19.86111111111113
399,18.138888888888907
400,19.86111111111113
401,-9.486111111111102
402,-6.444444444444441
403,19.86111111111113
404,-4.361111111111111
405,-7.055555555555551
406,-8.638888888888882
407,-10.166666666666652
408,-3.5833333333333304
409,-8.638888888888882
410,-7.624999999999991
411,18.916666666666686
412,19.86111111111113
413,-6.444444444444441
414,19.86111111111113
415,-8.638888888888882
416,-7.055555555555551
417,-2.76388888888889
418,-6.444444444444441
419,-9.847222222222213
420,-6.444444444444441
421,19.86111111111113
422,19.86111111111113
423,-4.361111111111111
424,-13.124999999999984
425,-5.0972222222222205
426,-10.930555555555541
427,-1.90277777777778
428,-8.638888888888882
429,19.86111111111113
430,-8.638888888888882
431,-8.638888888888882
432,19.86111111111113
433,-5.791666666666661
434,19.500000000000014
435,-5.0972222222222205
436,-9.083333333333321
437,-7.624999999999991
438,-5.0972222222222205
439,-4.402777777777771
440,-12.569444444444422
441,-5.0972222222222205
442,19.458333333333346
443,19.86111111111113
444,-2.76388888888889
445,-6.736111111111101
446,19.86111111111113
447,-4.44444444444444
448,-5.0972222222222205
449,19.86111111111113
450,-11.374999999999991
451,-35.76388888888875
452,-8.638888888888882
453,-9.499999999999991
454,-30.111111111110976
455,-72.02777777777763
456,-70.3194444444442
457,14.402777777777787
458,19.416666666666686
459,-7.472222222222231
460,-18.819444444444365
461,-13.5972222222222
462,-9.847222222222213
463,19.86111111111113
464,-8.638888888888882
465,-7.138888888888881
466,-4.527777777777771
467,-2.76388888888889
468,19.86111111111113
469,19.86111111111113
470,-10.347222222222202
471,-9.083333333333321
472,-6.444444444444441
473,-5.791666666666661
474,-6.56944444444444
475,-10.430555555555541
476,19.86111111111113
477,-9.486111111111102
478,-3.5833333333333304
479,-9.083333333333321
480,-1.90277777777778
481,19.86111111111113
482,-1.90277777777778
483,-10.680555555555543
484,-6.444444444444441
485,-10.444444444444432
486,19.86111111111113
487,19.86111111111113
488,-7.624999999999991
489,-10.527777777777763
490,-5.791666666666661
491,-5.0972222222222205
492,-7.624999999999991
493,-3.5833333333333304
494,-7.055555555555551
495,-8.569444444444432
496,-5.83333333333333
497,-10.02777777777776
498,-9.847222222222213
499,-7.624999999999991
500,19.86111111111113
501,-4.361111111111111
502,-6.65277777777778
503,18.95833333333335
504,18.722222222222246
505,-6.444444444444441
506,-3.5833333333333304
507,-9.45833333333332
508,-4.361111111111111
509,18.388888888888907
510,-8.16666666666666
511,-7.055555555555551
512,-5.0972222222222205
513,19.86111111111113
514,-7.055555555555551
515,18.847222222222236
516,-6.56944444444444
517,-7.055555555555551
518,-6.444444444444441
519,-8.458333333333321
520,-5.791666666666661
521,-4.48611111111111
522,-9.583333333333321
523,-7.624999999999991
524,-72.47222222222221
525,-8.152777777777771
526,-72.83333333333333
527,14.361111111111137
528,19.86111111111113
529,-39.31944444444444
530,12.04166666666669
531,-6.527777777777771
532,-5.791666666666661
533,-3.5833333333333304
534,-10.444444444444432
535,-3.7083333333333304
536,-2.76388888888889
537,19.86111111111113
538,-7.055555555555551
539,-3.5833333333333304
540,-9.083333333333321
541,-8.88888888888888
542,-3.5833333333333304
543,-9.083333333333321
544,-8.638888888888882
545,-7.624999999999991
546,-5.791666666666661
547,-1.90277777777778
548,-10.680555555555543
549,-8.152777777777771
550,-10.166666666666652
551,17.25000000000003
552,-4.402777777777771
553,-11.111111111111091
554,-3.5833333333333304
555,19.86111111111113
556,-8.152777777777771
557,19.86111111111113
558,-8.152777777777771
559,-8.152777777777771
560,-5.0972222222222205
561,-5.0972222222222205
562,-3.5833333333333304
563,19.86111111111113
564,19.86111111111113
565,-2.76388888888889
566,-5.0972222222222205
567,-10.819444444444432
568,17.902777777777786
569,19.86111111111113
570,-8.638888888888882
571,-2.76388888888889
572,19.86111111111113
573,19.86111111111113
574,19.86111111111113
575,-4.402777777777771
576,-6.444444444444441
577,-11.194444444444443
578,-9.847222222222213
579,17.138888888888907
580,-3.5833333333333304
581,-2.76388888888889
582,-5.0972222222222205
583,-8.638888888888882
584,-3.7083333333333304
585,-4.361111111111111
586,-11.236111111111102
587,-6.986111111111101
588,-7.624999999999991
589,-5.0972222222222205
590,-9.930555555555541
591,-8.638888888888882
592,19.86111111111113
593,-2.76388888888889
594,-7.624999999999991
595,-7.055555555555551
596,14.305555555555609
597,-9.736111111111102
598,-11.430555555555541
599,-7.624999999999991
600,-7.055555555555551
601,19.86111111111113
602,-9.083333333333321
603,-12.33333333333331
604,19.86111111111113
605,19.86111111111113
606,-6.902777777777771
607,19.86111111111113
608,19.291666666666686
609,-5.0972222222222205
610,-6.444444444444441
611,-8.194444444444432
612,19.86111111111113
613,-9.847222222222213
614,-10.166666666666652
615,19.86111111111113
616,-8.638888888888882
617,-5.791666666666661
618,-4.361111111111111
619,-10.763888888888872
620,-9.083333333333321
621,-9.083333333333321
622,-2.76388888888889
623,-11.027777777777763
624,-6.736111111111101
625,19.86111111111113
626,-10.680555555555543
627,-6.444444444444441
628,-2.76388888888889
629,-5.13888888888889
630,-6.861111111111112
631,-12.180555555555532
632,-3.5833333333333304
633,-7.055555555555551
634,-9.083333333333321
635,-4.361111111111111
636,-10.166666666666652
637,-8.152777777777771
638,-7.708333333333331
639,-2.76388888888889
640,-9.083333333333321
641,19.86111111111113
642,-10.55555555555553
643,-8.763888888888872
644,-8.638888888888882
645,-11.444444444444443
646,-1.90277777777778
647,-5.791666666666661
648,19.86111111111113
649,-7.097222222222221
650,-8.638888888888882
651,-10.444444444444432
652,-2.76388888888889
653,-10.444444444444432
654,-5.791666666666661
655,-8.72222222222221
656,-7.999999999999991
657,-9.083333333333321
658,-7.874999999999991
659,18.43055555555558
660,-10.444444444444432
661,-3.5833333333333304
662,19.86111111111113
663,-7.708333333333331
664,-18.97222222222221
665,-11.444444444444432
666,19.86111111111113
667,-2.76388888888889
668,-14.791666666666677
669,-11.416666666666652
670,19.208333333333346
671,-2.76388888888889
672,-11.027777777777763
673,-3.5833333333333304
674,-4.361111111111111
675,-8.2361111111111
676,-6.041666666666661
677,-9.847222222222213
678,-10.680555555555543
679,19.86111111111113
680,19.86111111111113
681,-5.30555555555555
682,-6.736111111111101
683,-2.76388888888889
684,-9.930555555555541
685,-7.624999999999991
686,-9.486111111111102
687,-2.76388888888889
688,-8.638888888888882
689,-7.055555555555551
690,-3.5833333333333304
691,-2.76388888888889
692,-10.166666666666652
693,-8.638888888888882
694,19.86111111111113
695,-11.666666666666654
696,-10.527777777777763
697,-6.444444444444441
698,-8.569444444444432
699,-7.666666666666661
700,-4.527777777777771
701,-8.638888888888882
702,-5.791666666666661
703,-3.5833333333333304
704,-7.472222222222211
705,19.86111111111113
706,-8.152777777777771
707,-6.736111111111112
708,-6.041666666666661
709,19.86111111111113
710,-5.0972222222222205
711,18.916666666666686
712,19.86111111111113
713,-10.291666666666652
714,-6.041666666666661
715,-5.13888888888889
716,-6.444444444444441
717,-3.5833333333333304
718,19.86111111111113
719,-3.625
720,-8.638888888888882
721,-4.402777777777771
722,-10.430555555555541
723,-9.583333333333321
724,-6.083333333333331
725,-10.4722222222222
726,-11.111111111111091
727,-9.09722222222221
728,19.86111111111113
729,-4.361111111111111
730,17.444444444444468
731,19.86111111111113
732,-5.0972222222222205
733,-8.638888888888882
734,-3.5833333333333304
735,19.86111111111113
736,19.86111111111113
737,-9.01388888888888
738,-5.791666666666661
739,-10.444444444444432
740,-3.7083333333333304
741,-7.874999999999981
742,-3.5833333333333304
743,18.95833333333335
744,-4.361111111111111
745,19.86111111111113
746,-2.76388888888889
747,19.86111111111113
748,-1.90277777777778
749,-10.444444444444432
750,-3.5833333333333304
751,19.86111111111113
752,-10.763888888888872
753,19.86111111111113
754,-8.638888888888882
755,19.86111111111113
756,-4.402777777777771
757,18.916666666666686
758,-7.055555555555551
759,-6.486111111111101
760,-9.166666666666663
761,19.86111111111113
762,-10.249999999999993
763,-8.152777777777771
764,19.86111111111113
765,-10.166666666666652
766,-5.791666666666661
767,-3.625
768,-6.694444444444451
769,-10.87499999999998
770,-5.999999999999991
771,-1.90277777777778
772,-7.624999999999991
773,-5.0972222222222205
774,-7.055555555555551
775,-9.694444444444443
776,-8.638888888888882
777,-5.13888888888889
778,-8.152777777777771
779,-4.361111111111111
780,-6.444444444444441
781,19.86111111111113
782,-6.444444444444441
783,-3.5833333333333304
784,-3.5833333333333304
785,-3.5833333333333304
786,19.86111111111113
787,-9.847222222222213
788,19.86111111111113
789,-8.7361111111111
790,-6.486111111111101
791,18.513888888888907
792,-3.5833333333333304
793,-6.444444444444441
794,19.500000000000014
795,-5.0972222222222205
796,-11.805555555555532
797,-8.152777777777771
798,-7.624999999999991
799,-12.083333333333313
800,-6.444444444444441
801,-6.444444444444441
802,-10.444444444444432
803,-9.486111111111102
804,-8.152777777777771
805,-9.486111111111102
806,-5.791666666666661
807,-8.152777777777771
808,17.083333333333364
809,19.86111111111113
810,-8.194444444444432
811,-5.791666666666661
812,19.86111111111113
813,-5.0972222222222205
814,-5.0972222222222205
815,-7.3472222222222205
816,-2.76388888888889
817,-5.791666666666661
818,-6.444444444444441
819,-11.013888888888872
820,-9.083333333333321
821,19.86111111111113
822,-9.486111111111102
823,19.86111111111113
824,-6.694444444444441
825,-11.624999999999982
826,-8.152777777777771
827,-5.0972222222222205
828,-5.791666666666661
829,-5.791666666666661
830,-1.90277777777778
831,-5.0972222222222205
832,-10.680555555555543
833,19.86111111111113
834,19.86111111111113
835,-8.638888888888882
836,19.86111111111113
837,-8.152777777777771
838,-7.708333333333331
839,-5.791666666666661
840,-5.791666666666661
841,19.86111111111113
842,-10.166666666666652
843,19.86111111111113
844,-8.152777777777771
845,-8.763888888888872
846,-8.569444444444432
847,-9.847222222222213
848,-9.208333333333332
849,18.069444444444468
850,-7.055555555555551
851,19.86111111111113
852,-5.13888888888889
853,18.416666666666686
854,-8.208333333333332
855,-11.611111111111093
856,-7.958333333333321
857,18.388888888888907
858,19.86111111111113
859,-11.888888888888884
860,-4.361111111111111
861,19.86111111111113
862,-5.791666666666661
863,-10.680555555555543
864,-9.583333333333321
865,-8.319444444444441
866,-5.791666666666661
867,-9.291666666666652
868,-5.791666666666661
869,-7.95833333333333
870,-9.569444444444432
871,-12.555555555555545
872,-8.458333333333321
873,-6.486111111111101
874,-4.527777777777771
875,-4.361111111111111
876,-8.638888888888882
877,-4.361111111111111
878,-2.76388888888889
879,-10.874999999999982
880,-2.76388888888889
881,19.86111111111113
882,19.86111111111113
883,-12.930555555555541
884,19.86111111111113
885,-7.624999999999991
886,19.86111111111113
887,-6.65277777777778
888,-3.5833333333333304
889,-5.791666666666661
890,-10.166666666666652
891,-9.847222222222213
892,19.027777777777786
893,-5.0972222222222205
894,-3.5833333333333304
895,-9.16666666666666
896,-10.430555555555541
897,-9.847222222222213
898,19.86111111111113
899,-10.166666666666652
900,19.86111111111113
901,19.86111111111113
902,-4.361111111111111
903,-6.444444444444441
904,-9.083333333333321
905,-2.76388888888889
906,-10.166666666666652
907,18.916666666666686
908,-6.444444444444441
909,-5.916666666666661
910,-1.90277777777778
911,19.86111111111113
912,-10.166666666666652
913,-9.083333333333321
914,-5.0972222222222205
915,-9.486111111111102
916,19.86111111111113
917,-4.361111111111111
918,19.86111111111113
919,19.86111111111113
920,-1.90277777777778
921,-8.638888888888882
922,-5.0972222222222205
923,19.86111111111113
924,-4.361111111111111
925,-5.0972222222222205
926,-10.874999999999982
927,-9.486111111111102
928,-6.444444444444441
929,-4.361111111111111
930,19.86111111111113
931,-7.624999999999991
932,-6.444444444444441
933,17.86111111111113
934,-4.361111111111111
935,-6.652777777777781
936,-5.305555555555551
937,-6.736111111111101
938,18.97222222222225
939,-1.90277777777778
940,-10.444444444444432
941,-8.152777777777771
942,-7.055555555555551
943,-7.055555555555551
944,-6.444444444444441
945,-5.0972222222222205
946,19.86111111111113
947,-5.791666666666661
948,-5.791666666666661
949,-6.444444444444441
950,-8.638888888888882
951,-7.430555555555541
952,-1.90277777777778
953,-3.5833333333333304
954,-7.138888888888881
955,-10.083333333333321
956,-5.0972222222222205
957,-9.847222222222213
958,19.86111111111113
959,-2.76388888888889
960,19.86111111111113
961,-8.638888888888882
962,17.87500000000003
963,-5.791666666666661
964,-9.569444444444432
965,-9.555555555555541
966,-5.13888888888889
967,-5.305555555555551
968,-4.402777777777771
969,-11.902777777777763
970,-10.624999999999993
971,-2.76388888888889
972,-10.527777777777763
973,-10.166666666666652
974,-8.805555555555541
975,17.93055555555558
976,-9.083333333333321
977,19.86111111111113
978,-5.791666666666661
979,-5.791666666666661
980,-5.791666666666661
981,-8.680555555555552
982,-7.055555555555551
983,-6.56944444444444
984,-8.569444444444432
985,-5.791666666666661
986,-10.444444444444432
987,-3.5833333333333304
988,19.86111111111113
989,-3.5833333333333304
990,-3.5833333333333304
991,19.86111111111113
992,-6.444444444444441
993,-4.361111111111111
994,-4.361111111111111
995,19.86111111111113
996,-4.48611111111111
997,-9.583333333333321
998,19.86111111111113
999,-8.152777777777771
1000,-2.76388888888889
1001,-6.444444444444441
1002,-10.569444444444434
1003,-9.1111111111111
1004,-5.0972222222222205
1005,-10.680555555555543
1006,-7.624999999999991
1007,-9.569444444444432
1008,-9.09722222222221
1009,-5.791666666666661
1010,19.86111111111113
1011,-10.166666666666652
1012,18.208333333333357
1013,-2.76388888888889
1014,18.250000000000007
1015,-3.5833333333333304
1016,-8.2361111111111
1017,-4.361111111111111
1018,-9.430555555555541
1019,19.86111111111113
1020,-10.249999999999993
1021,-8.152777777777771
1022,-6.444444444444441
1023,-5.0972222222222205
1024,-5.0972222222222205
1025,-4.527777777777771
1026,-8.152777777777771
1027,-10.569444444444434
1028,18.916666666666686
1029,19.86111111111113
1030,-8.638888888888882
1031,-8.152777777777771
1032,-8.638888888888882
1033,-9.124999999999991
1034,-10.166666666666652
1035,19.86111111111113
1036,19.86111111111113
1037,-4.44444444444444
1038,-5.791666666666661
1039,19.86111111111113
1040,-8.2361111111111
1041,-3.7083333333333304
1042,18.527777777777807
1043,19.86111111111113
1044,19.86111111111113
1045,19.86111111111113
1046,-5.791666666666661
1047,-8.444444444444432
1048,-11.097222222222213
1049,19.86111111111113
1050,19.86111111111113
1051,-2.76388888888889
1052,-9.847222222222213
1053,19.86111111111113
1054,19.86111111111113
1055,-9.208333333333321
1056,-7.055555555555551
1057,-5.0972222222222205
1058,-10.986111111111091
1059,-10.055555555555541
1060,-2.76388888888889
1061,-9.847222222222213
1062,-6.444444444444441
1063,-9.847222222222213
1064,19.166666666666686
1065,-6.444444444444441
1066,-5.791666666666661
1067,-10.166666666666652
1068,-9.847222222222213
1069,19.86111111111113
1070,-4.361111111111111
1071,-4.361111111111111
1072,-8.36111111111111
1073,-8.152777777777771
1074,19.86111111111113
1075,-4.402777777777771
1076,-8.569444444444432
1077,19.375000000000018
1078,-12.680555555555536
1079,-5.0972222222222205
1080,-1.90277777777778
1081,-6.444444444444441
1082,-4.361111111111111
1083,-3.5833333333333304
1084,-7.958333333333331
1085,-13.138888888888836
1086,-6.041666666666661
1087,-10.680555555555543
1088,-9.083333333333321
1089,19.86111111111113
1090,-7.666666666666661
1091,-3.625
1092,19.041666666666686
1093,-2.76388888888889
1094,-8.152777777777771
1095,19.86111111111113
1096,-9.083333333333321
1097,-8.819444444444422
1098,-4.527777777777771
1099,-10.166666666666652
1100,-4.402777777777771
1101,-5.791666666666661
1102,-5.0972222222222205
1103,-11.43055555555553
1104,-10.430555555555541
1105,-8.569444444444432
1106,-7.624999999999991
1107,-7.055555555555551
1108,-7.999999999999991
1109,19.86111111111113
1110,-4.361111111111111
1111,19.86111111111113
1112,-9.486111111111102
1113,-8.569444444444432
1114,19.86111111111113
1115,19.86111111111113
1116,-4.361111111111111
1117,-7.624999999999991
1118,-7.055555555555551
1119,-5.791666666666661
1120,19.86111111111113
1121,19.86111111111113
1122,-5.791666666666661
1123,-4.361111111111111
1124,19.86111111111113
1125,-2.76388888888889
1126,-3.5833333333333304
1127,-10.861111111111091
1128,-5.83333333333333
1129,-8.569444444444432
1130,-5.791666666666661
1131,-5.0972222222222205
1132,-2.76388888888889
1133,19.86111111111113
1134,-1.90277777777778
1135,19.86111111111113
1136,-7.097222222222221
1137,-4.527777777777771
1138,-3.5833333333333304
1139,-5.9166666666666705
1140,-9.666666666666652
1141,-5.791666666666661
1142,-7.624999999999991
1143,-8.152777777777771
1144,-5.13888888888889
1145,-8.152777777777771
1146,-7.708333333333331
1147,-9.486111111111102
1148,-6.444444444444441
1149,-9.208333333333332
1150,-6.041666666666661
1151,18.916666666666686
1152,-4.361111111111111
1153,-7.791666666666662
1154,18.916666666666686
1155,19.86111111111113
1156,-3.5833333333333304
1157,-4.361111111111111
1158,-9.486111111111102
1159,-9.52777777777776
1160,-10.27777777777775
1161,-6.041666666666661
1162,19.86111111111113
1163,-9.847222222222213
1164,19.86111111111113
1165,-10.680555555555543
1166,-5.83333333333333
1167,-10.02777777777776
1168,-4.44444444444444
1169,-5.0972222222222205
1170,-5.13888888888889
1171,-8.569444444444432
1172,-10.41666666666664
1173,19.86111111111113
1174,-10.208333333333323
1175,-9.45833333333332
1176,-9.569444444444432
1177,-8.652777777777771
1178,-9.486111111111102
1179,-4.361111111111111
1180,-10.249999999999993
1181,-6.486111111111101
1182,-11.43055555555553
1183,19.250000000000018
1184,-2.76388888888889
1185,-9.486111111111102
1186,18.97222222222225
1187,-9.486111111111102
1188,-7.138888888888881
1189,-8.638888888888882
1190,-5.0972222222222205
1191,18.638888888888907
1192,-7.055555555555551
1193,19.86111111111113
1194,-3.5833333333333304
1195,-9.847222222222213
1196,-7.055555555555551
1197,-7.055555555555551
1198,19.86111111111113
1199,-4.361111111111111
1200,-2.76388888888889
1201,-2.76388888888889
1202,-7.666666666666661
1203,-10.430555555555541
1204,-8.638888888888882
1205,-5.83333333333333
1206,19.86111111111113
1207,19.86111111111113
1208,19.86111111111113
1209,-9.486111111111102
1210,-10.166666666666652
1211,-14.583333333333293
1212,-4.69444444444444
1213,-7.708333333333331
1214,-5.791666666666661
1215,19.86111111111113
1216,-6.444444444444441
1217,-5.791666666666661
1218,18.30555555555558
1219,-10.444444444444432
1220,-5.9166666666666705
1221,18.916666666666686
1222,-9.847222222222213
1223,19.86111111111113
1224,-9.083333333333321
1225,-8.972222222222221
1226,-7.055555555555551
1227,-9.166666666666663
1228,19.86111111111113
1229,19.86111111111113
1230,-7.055555555555551
1231,19.166666666666686
1232,-2.76388888888889
1233,-5.0972222222222205
1234,-6.444444444444441
1235,-2.76388888888889
1236,19.86111111111113
1237,-2.76388888888889
1238,-3.5833333333333304
1239,-6.486111111111101
1240,-2.76388888888889
1241,-4.361111111111111
1242,19.041666666666686
1243,-7.916666666666661
1244,-10.02777777777776
1245,-3.5833333333333304
1246,-6.083333333333331
1247,-6.041666666666661
1248,-9.847222222222213
1249,-6.124999999999991
1250,-5.791666666666661
1251,-8.569444444444432
1252,-8.16666666666666
1253,-11.37499999999998
1254,-4.527777777777771
1255,-8.152777777777771
1256,-7.388888888888881
1257,-7.26388888888888
1258,18.916666666666686
1259,-8.638888888888882
1260,-4.44444444444444
1261,-9.486111111111102
1262,-8.638888888888882
1263,-2.76388888888889
1264,19.86111111111113
1265,-5.0972222222222205
1266,-10.166666666666652
1267,19.08333333333335
1268,-9.486111111111102
1269,-8.638888888888882
1270,19.86111111111113
1271,-3.5833333333333304
1272,15.944444444444445
1273,19.86111111111113
1274,-5.791666666666661
1275,-3.5833333333333304
1276,-7.874999999999991
1277,-7.055555555555551
1278,-5.0972222222222205
1279,-10.791666666666652
1280,-8.194444444444432
1281,-13.486111111111104
1282,-5.0972222222222205
1283,18.250000000000007
1284,-8.680555555555552
1285,18.916666666666686
1286,-12.694444444444413
1287,-9.486111111111102
1288,-6.444444444444441
1289,-9.486111111111102
1290,-10.680555555555543
1291,-8.319444444444441
1292,-10.04166666666665
1293,19.86111111111113
1294,19.86111111111113
1295,19.125000000000018
1296,19.583333333333346
1297,-10.166666666666652
1298,-7.055555555555551
1299,-6.65277777777778
1300,19.86111111111113
1301,19.86111111111113
1302,-5.83333333333333
1303,-3.7083333333333304
1304,-6.444444444444441
1305,-5.83333333333333
1306,18.916666666666686
1307,19.86111111111113
1308,-10.166666666666652
1309,-9.083333333333321
1310,19.86111111111113
1311,-6.444444444444441
1312,-4.361111111111111
1313,-9.694444444444443
1314,-9.736111111111112
1315,-9.847222222222213
1316,-8.638888888888882
1317,-5.180555555555551
1318,19.86111111111113
1319,-7.624999999999991
1320,-5.83333333333333
1321,-9.583333333333321
1322,19.86111111111113
1323,-9.847222222222213
1324,-9.54166666666665
1325,-6.124999999999991
1326,-8.152777777777771
1327,-9.847222222222213
1328,-8.94444444444443
1329,-5.83333333333333
1330,-6.083333333333331
1331,18.097222222222246
1332,-4.361111111111111
1333,-7.138888888888881
1334,19.86111111111113
1335,-5.0972222222222205
1336,-4.48611111111111
1337,19.86111111111113
1338,-7.02777777777777
1339,-9.680555555555552
1340,19.86111111111113
1341,-3.5833333333333304
1342,19.86111111111113
1343,-7.055555555555551
1344,-4.402777777777771
1345,-2.76388888888889
1346,-3.5833333333333304
1347,-10.02777777777776
1348,-9.847222222222213
1349,17.93055555555558
1350,-6.444444444444441
1351,19.458333333333346
1352,-7.055555555555551
1353,-9.486111111111102
1354,-6.736111111111101
1355,-10.444444444444432
1356,-9.555555555555541
1357,-4.69444444444444
1358,19.86111111111113
1359,19.86111111111113
1360,-6.444444444444441
1361,-8.083333333333321
1362,-3.7083333333333304
1363,19.86111111111113
1364,-5.791666666666661
1365,-6.736111111111101
1366,-8.152777777777771
1367,-10.680555555555543
1368,-5.13888888888889
1369,-7.055555555555551
1370,19.86111111111113
1371,-10.680555555555543
1372,-5.0972222222222205
1373,-5.791666666666661
1374,-4.361111111111111
1375,-2.76388888888889
1376,19.86111111111113
1377,-9.847222222222213
1378,19.86111111111113
1379,-7.624999999999991
1380,-9.16666666666666
1381,-5.305555555555551
1382,-10.444444444444432
1383,19.333333333333346
1384,-6.444444444444441
1385,-10.444444444444432
1386,-8.638888888888882
1387,19.86111111111113
1388,-10.722222222222213
1389,-6.444444444444441
1390,-10.055555555555541
1391,-5.791666666666661
1392,-6.444444444444441
1393,19.86111111111113
1394,-7.055555555555551
1395,-1.90277777777778
1396,-9.486111111111102
1397,19.86111111111113
1398,19.166666666666686
1399,-8.638888888888882
1400,-6.444444444444441
1401,18.305555555555568
1402,-4.361111111111111
1403,-7.999999999999991
1404,-2.76388888888889
1405,-9.611111111111102
1406,-4.361111111111111
1407,-10.444444444444432
1408,-4.361111111111111
1409,-7.055555555555551
1410,-6.444444444444441
1411,-11.694444444444434
1412,18.916666666666686
1413,-8.638888888888882
1414,18.916666666666686
1415,-9.486111111111102
1416,-9.083333333333321
1417,18.569444444444468
1418,-3.5833333333333304
1419,-4.361111111111111
1420,-11.138888888888873
1421,19.86111111111113
1422,-8.638888888888882
1423,-4.402777777777771
1424,-4.61111111111111
1425,19.86111111111113
1426,-3.5833333333333304
1427,19.86111111111113
1428,19.86111111111113
1429,19.86111111111113
1430,-2.76388888888889
1431,19.86111111111113
1432,-5.791666666666661
1433,-7.055555555555551
1434,19.86111111111113
1435,-9.083333333333321
1436,-5.83333333333333
1437,-8.569444444444432
1438,-3.5833333333333304
1439,-8.7361111111111
1440,-6.736111111111101
1441,18.916666666666686
1442,19.86111111111113
1443,-4.361111111111111
1444,-7.708333333333331
1445,-5.0972222222222205
1446,-5.791666666666661
1447,19.86111111111113
1448,-10.861111111111091
1449,19.86111111111113
1450,19.86111111111113
1451,-2.76388888888889
1452,18.916666666666686
1453,19.86111111111113
1454,-6.444444444444441
1455,-10.249999999999993
1456,-10.111111111111102
1457,-4.527777777777771
1458,-7.47222222222222
1459,-6.083333333333331
1460,-11.236111111111102
1461,-7.430555555555541
1462,-9.138888888888872
1463,-7.388888888888881
1464,-7.750000000000002
1465,18.916666666666686
1466,19.86111111111113
1467,-8.152777777777771
1468,-7.624999999999991
1469,-10.027777777777771
1470,-10.791666666666652
1471,19.86111111111113
1472,-10.208333333333323
1473,-5.305555555555551
1474,17.1666666666667
1475,-8.638888888888882
1476,19.86111111111113
1477,-5.0972222222222205
1478,19.86111111111113
1479,-10.249999999999993
1480,-6.444444444444441
1481,-9.486111111111102
1482,-9.083333333333321
1483,-8.152777777777771
1484,-5.305555555555551
1485,-5.180555555555551
1486,-8.152777777777771
1487,19.86111111111113
1488,-7.624999999999991
1489,-5.791666666666661
1490,-7.624999999999991
1491,-7.388888888888881
1492,-5.13888888888889
1493,-7.055555555555551
1494,-6.486111111111101
1495,19.86111111111113
1496,-4.361111111111111
1497,-8.194444444444432
1498,-8.638888888888882
1499,-7.055555555555551
1500,-11.763888888888882
1501,-10.166666666666652
1502,-13.180555555555564
1503,-9.486111111111102
1504,-10.444444444444432
1505,-8.152777777777771
1506,19.86111111111113
1507,-7.791666666666662
1508,-10.791666666666652
1509,-5.791666666666661
1510,-7.624999999999991
1511,-9.847222222222213
1512,-5.0972222222222205
1513,-14.569444444444422
1514,19.86111111111113
1515,-9.083333333333321
1516,-9.81944444444443
1517,19.86111111111113
1518,-5.791666666666661
1519,-6.486111111111101
1520,-9.09722222222221
1521,-7.624999999999991
1522,-9.486111111111102
1523,-9.305555555555552
1524,-1.90277777777778
1525,-3.5833333333333304
1526,19.86111111111113
1527,-3.5833333333333304
1528,-9.569444444444432
1529,-4.361111111111111
1530,19.86111111111113
1531,-11.194444444444443
1532,-9.09722222222221
1533,19.86111111111113
1534,-8.638888888888882
1535,-7.388888888888881
1536,-2.84722222222222
1537,-5.83333333333333
1538,-11.111111111111091
1539,19.86111111111113
1540,-6.486111111111101
1541,-3.7083333333333304
1542,-9.083333333333321
1543,-2.76388888888889
1544,-10.166666666666652
1545,-10.680555555555543
1546,-9.999999999999991
1547,-6.444444444444441
1548,-9.847222222222213
1549,-8.152777777777771
1550,-7.388888888888881
1551,-2.76388888888889
1552,-5.0972222222222205
1553,-6.486111111111101
1554,-20.305555555555532
1555,-10.444444444444432
1556,-6.736111111111101
1557,-7.055555555555551
1558,19.333333333333346
1559,19.86111111111113
1560,19.86111111111113
1561,19.86111111111113
1562,-9.611111111111102
1563,18.916666666666686
1564,-5.791666666666661
1565,-7.624999999999991
1566,-8.152777777777771
1567,18.916666666666686
1568,19.86111111111113
1569,19.86111111111113
1570,19.86111111111113
1571,-10.4722222222222
1572,-13.68055555555552
1573,-13.791666666666618
1574,-8.402777777777782
1575,-7.388888888888881
1576,18.916666666666686
1577,-10.763888888888872
1578,-9.208333333333332
1579,-9.583333333333321
1580,19.86111111111113
1581,-8.763888888888872
1582,-10.791666666666652
1583,-6.444444444444441
1584,19.000000000000018
1585,-7.097222222222221
1586,-6.444444444444441
1587,-4.361111111111111
1588,-4.361111111111111
1589,-7.055555555555551
1590,-8.152777777777771
1591,-10.749999999999991
1592,-10.791666666666652
1593,19.86111111111113
1594,-8.638888888888882
1595,-2.76388888888889
1596,-4.527777777777771
1597,-7.055555555555551
1598,-3.5833333333333304
1599,-8.763888888888872
1600,18.916666666666686
1601,18.97222222222225
1602,-7.666666666666661
1603,-3.7083333333333304
1604,19.86111111111113
1605,-13.208333333333288
1606,-10.02777777777776
1607,19.86111111111113
1608,-6.444444444444441
1609,-22.902777777777754
1610,-2.76388888888889
1611,-7.666666666666661
1612,18.916666666666686
1613,19.86111111111113
1614,-8.638888888888882
1615,18.916666666666686
1616,-9.847222222222213
1617,-10.569444444444434
1618,-4.361111111111111
1619,-4.402777777777771
1620,-6.736111111111101
1621,-8.152777777777771
1622,-8.152777777777771
1623,-2.76388888888889
1624,19.86111111111113
1625,-6.444444444444441
1626,-12.861111111111091
1627,-4.361111111111111
1628,-8.638888888888882
1629,-10.916666666666652
1630,-5.791666666666661
1631,-10.02777777777776
1632,-1.90277777777778
1633,-5.0972222222222205
1634,-10.180555555555541
1635,19.250000000000018
1636,-6.444444444444441
1637,19.86111111111113
1638,-3.5833333333333304
1639,-8.638888888888882
1640,19.86111111111113
1641,-9.083333333333321
1642,-4.361111111111111
1643,19.86111111111113
1644,-5.791666666666661
1645,19.86111111111113
1646,-7.055555555555551
1647,-5.791666666666661
1648,19.86111111111113
1649,19.86111111111113
1650,-7.138888888888881
1651,19.86111111111113
1652,-5.0972222222222205
1653,19.583333333333346
1654,-9.083333333333321
1655,19.86111111111113
1656,19.86111111111113
1657,-5.0972222222222205
1658,-3.5833333333333304
1659,-3.7083333333333304
1660,-4.402777777777771
1661,-7.624999999999991
1662,-5.83333333333333
1663,18.916666666666686
1664,-6.444444444444441
1665,-9.083333333333321
1666,19.86111111111113
1667,-8.152777777777771
1668,-8.152777777777771
1669,19.86111111111113
1670,-3.5833333333333304
1671,-10.680555555555543
1672,19.86111111111113
1673,-3.5833333333333304
1674,19.86111111111113
1675,-5.95833333333333
1676,19.000000000000018
1677,-5.83333333333333
1678,-5.305555555555551
1679,-5.791666666666661
1680,-7.999999999999991
1681,-7.624999999999991
1682,-5.791666666666661
1683,-6.444444444444441
1684,-5.305555555555551
1685,-5.0972222222222205
1686,-8.72222222222221
1687,19.86111111111113
1688,-7.097222222222221
1689,18.916666666666686
1690,-7.055555555555551
1691,18.916666666666686
1692,-7.097222222222221
1693,-9.09722222222221
1694,-6.736111111111101
1695,19.86111111111113
1696,-7.097222222222221
1697,18.916666666666686
1698,-6.444444444444441
1699,19.86111111111113
1700,-5.791666666666661
1701,18.222222222222246
1702,-10.37499999999998
1703,-4.402777777777771
1704,-5.791666666666661
1705,-10.02777777777776
1706,19.86111111111113
1707,-4.361111111111111
1708,-7.708333333333331
1709,-5.0972222222222205
1710,-8.277777777777771
1711,-9.09722222222221
1712,-6.736111111111101
1713,-7.999999999999991
1714,-6.041666666666661
1715,-3.7083333333333304
1716,-8.152777777777771
1717,18.916666666666686
1718,-9.166666666666663
1719,-9.69444444444443
1720,-2.76388888888889
1721,-9.486111111111102
1722,-12.472222222222202
1723,-7.624999999999991
1724,-4.56944444444444
1725,19.86111111111113
1726,-10.861111111111091
1727,-4.527777777777771
1728,-10.444444444444432
1729,-3.625
1730,-5.791666666666661
1731,-6.041666666666661
1732,-3.5833333333333304
1733,-3.5833333333333304
1734,-11.972222222222202
1735,19.86111111111113
1736,-9.083333333333321
1737,-8.638888888888882
1738,-5.0972222222222205
1739,19.86111111111113
1740,-1.90277777777778
1741,-1.90277777777778
1742,-3.5833333333333304
1743,-9.847222222222213
1744,-7.055555555555551
1745,-9.083333333333321
1746,19.86111111111113
1747,-7.624999999999991
1748,-6.444444444444441
1749,-10.680555555555543
1750,-8.152777777777771
1751,-5.791666666666661
1752,19.86111111111113
1753,-9.083333333333321
1754,-9.083333333333321
1755,-9.09722222222221
1756,-4.361111111111111
1757,-3.5833333333333304
1758,-13.263888888888895
1759,-6.486111111111101
1760,-8.94444444444443
1761,-5.791666666666661
1762,-7.055555555555551
1763,19.86111111111113
1764,19.86111111111113
1765,-9.486111111111102
1766,-7.388888888888881
1767,19.86111111111113
1768,-8.638888888888882
1769,19.86111111111113
1770,-7.624999999999991
1771,-3.5833333333333304
1772,-6.444444444444441
1773,-8.638888888888882
1774,-1.90277777777778
1775,19.86111111111113
1776,-4.361111111111111
1777,-3.5833333333333304
1778,-5.9166666666666705
1779,-9.583333333333321
1780,18.097222222222246
1781,-5.13888888888889
1782,-10.499999999999993
1783,-2.76388888888889
1784,-5.791666666666661
1785,-5.83333333333333
1786,-5.13888888888889
1787,19.86111111111113
1788,-10.555555555555541
1789,-7.791666666666662
1790,-7.624999999999991
1791,18.472222222222246
1792,17.583333333333346
1793,19.86111111111113
1794,-10.541666666666652
1795,-15.652777777777715
1796,-8.152777777777771
1797,-2.84722222222222
1798,-3.5833333333333304
1799,-10.666666666666641
1800,-11.527777777777763
1801,19.86111111111113
1802,-6.819444444444431
1803,-4.361111111111111
1804,-4.361111111111111
1805,-9.52777777777776
1806,-11.111111111111091
1807,19.86111111111113
1808,-9.083333333333321
1809,-10.791666666666652
1810,-7.055555555555551
1811,19.86111111111113
1812,-8.638888888888882
1813,19.86111111111113
1814,-1.90277777777778
1815,-1.90277777777778
1816,19.86111111111113
1817,-10.444444444444432
1818,-6.444444444444441
1819,19.86111111111113
1820,19.291666666666686
1821,-3.625
1822,-10.444444444444432
1823,-7.388888888888881
1824,-6.041666666666661
1825,-7.708333333333331
1826,19.86111111111113
1827,-9.861111111111091
1828,-6.444444444444441
1829,-17.95833333333324
1830,-4.361111111111111
1831,-5.0972222222222205
1832,-7.791666666666661
1833,-6.444444444444441
1834,19.86111111111113
1835,-7.666666666666661
1836,18.347222222222246
1837,-9.847222222222213
1838,-9.68055555555556
1839,-11.555555555555554
1840,16.166666666666664
1841,19.86111111111113
1842,19.86111111111113
1843,-9.083333333333321
1844,-2.76388888888889
1845,-3.5833333333333304
1846,-9.083333333333321
1847,-5.0972222222222205
1848,-9.736111111111102
1849,-9.09722222222221
1850,-2.76388888888889
1851,-5.180555555555551
1852,19.86111111111113
1853,-18.138888888888825
1854,-8.2361111111111
1855,19.86111111111113
1856,-22.499999999999915
1857,19.86111111111113
1858,-9.694444444444443
1859,19.86111111111113
1860,-5.791666666666661
1861,-11.23611111111108
1862,-8.72222222222221
1863,-6.819444444444441
1864,-2.76388888888889
1865,19.18055555555558
1866,-11.208333333333321
1867,-6.444444444444441
1868,-6.527777777777771
1869,-21.93055555555547
1870,-22.638888888888893
1871,-8.84722222222221
1872,-3.5833333333333304
1873,19.86111111111113
1874,19.000000000000018
1875,19.86111111111113
1876,-8.638888888888882
1877,-16.388888888888864
1878,-6.486111111111101
1879,18.916666666666686
1880,-6.444444444444441
1881,18.555555555555564
1882,-4.361111111111111
1883,-5.83333333333333
1884,-12.805555555555532
1885,-9.861111111111091
1886,18.916666666666686
1887,19.86111111111113
1888,-4.361111111111111
1889,-6.444444444444441
1890,-9.083333333333321
1891,-10.069444444444441
1892,-6.56944444444444
1893,18.916666666666686
1894,-10.527777777777763
1895,-6.041666666666661
1896,-8.152777777777771
1897,-8.152777777777771
1898,-9.486111111111102
1899,-2.76388888888889
1900,19.86111111111113
1901,-5.791666666666661
1902,-3.5833333333333304
1903,-7.097222222222221
1904,-8.569444444444432
1905,-10.26388888888888
1906,-5.791666666666661
1907,19.86111111111113
1908,-8.638888888888882
1909,-2.76388888888889
1910,-3.5833333333333304
1911,-7.055555555555551
1912,-7.055555555555551
1913,-5.791666666666661
1914,19.08333333333335
1915,-4.361111111111111
1916,-8.763888888888872
1917,-4.527777777777771
1918,-5.83333333333333
1919,17.93055555555558
1920,-11.791666666666641
1921,-4.361111111111111
1922,18.916666666666686
1923,-9.611111111111102
1924,18.388888888888907
1925,-5.791666666666661
1926,-8.152777777777771
1927,-2.76388888888889
1928,-7.138888888888881
1929,-7.055555555555551
1930,19.86111111111113
1931,19.86111111111113
1932,-9.930555555555541
1933,-10.02777777777776
1934,-4.44444444444444
1935,-9.791666666666652
1936,-7.055555555555551
1937,19.208333333333346
1938,19.86111111111113
1939,-9.91666666666666
1940,-7.055555555555551
1941,-5.791666666666661
1942,-7.388888888888881
1943,-7.305555555555551
1944,19.86111111111113
1945,-9.486111111111102
1946,19.375000000000018
1947,-7.055555555555551
1948,-7.624999999999991
1949,-6.444444444444441
1950,19.86111111111113
1951,-4.361111111111111
1952,19.166666666666686
1953,-8.569444444444422
1954,-2.84722222222222
1955,-10.583333333333321
1956,-6.777777777777771
1957,-5.791666666666661
1958,-5.2222222222222205
1959,-10.444444444444432
1960,19.86111111111113
1961,-8.888888888888882
1962,-6.444444444444441
1963,-4.361111111111111
1964,-4.361111111111111
1965,19.86111111111113
1966,-3.5833333333333304
1967,-8.152777777777771
1968,-5.83333333333333
1969,-9.09722222222221
1970,19.86111111111113
1971,-7.055555555555551
1972,-10.652777777777773
1973,18.069444444444457
1974,-6.819444444444431
1975,-11.166666666666652
1976,-5.83333333333333
1977,-8.569444444444432
1978,-10.874999999999982
1979,19.86111111111113
1980,19.86111111111113
1981,19.86111111111113
1982,-5.13888888888889
1983,-12.11111111111108
1984,-6.486111111111101
1985,-5.791666666666661
1986,-7.055555555555551
1987,19.86111111111113
1988,19.86111111111113
1989,19.86111111111113
1990,-6.444444444444441
1991,-8.569444444444432
1992,-2.76388888888889
1993,-6.694444444444451
1994,-4.527777777777771
1995,-7.055555555555551
1996,-7.055555555555551
1997,-7.624999999999991
1998,-9.083333333333321
1999,19.86111111111113
2000,-3.5833333333333304
2001,19.86111111111113
2002,19.86111111111113
2003,-3.5833333333333304
2004,-7.999999999999991
2005,-3.5833333333333304
2006,19.86111111111113
2007,19.86111111111113
2008,-7.180555555555541
2009,18.263888888888907
2010,19.86111111111113
2011,-5.0972222222222205
2012,-6.444444444444441
2013,19.86111111111113
2014,-6.444444444444441
2015,-8.24999999999999
2016,-3.1875
2017,19.86111111111113
2018,-10.166666666666652
2019,-2.76388888888889
2020,-9.09722222222221
2021,-7.51388888888888
2022,-8.569444444444432
2023,-12.34722222222219
2024,-7.138888888888881
2025,-5.0972222222222205
2026,-11.152777777777763
2027,-10.791666666666652
2028,-6.736111111111101
2029,-5.791666666666661
2030,18.916666666666686
2031,-5.791666666666661
2032,-10.791666666666652
2033,17.902777777777807
2034,-4.402777777777771
2035,-6.041666666666661
2036,-10.791666666666652
2037,-11.833333333333323
2038,-8.152777777777771
2039,-9.486111111111102
2040,18.916666666666686
2041,-5.13888888888889
2042,-4.56944444444444
2043,18.916666666666686
2044,-4.361111111111111
2045,19.125000000000018
2046,19.86111111111113
2047,-9.486111111111102
2048,-5.13888888888889
2049,18.916666666666686
2050,-7.180555555555541
2051,18.916666666666686
2052,-7.055555555555551
2053,-7.750000000000002
2054,-7.999999999999991
2055,-8.152777777777771
2056,-4.527777777777771
2057,-3.5833333333333304
2058,-8.194444444444432
2059,19.86111111111113
2060,19.86111111111113
2061,18.472222222222246
2062,-5.791666666666661
2063,-7.347222222222211
2064,-6.736111111111101
2065,-10.291666666666663
2066,-8.04166666666666
2067,-9.847222222222213
2068,19.86111111111113
2069,19.86111111111113
2070,-7.666666666666661
2071,-8.569444444444432
2072,-3.5833333333333304
2073,-9.70833333333333
2074,-5.791666666666661
2075,-6.444444444444441
2076,-5.791666666666661
2077,-8.638888888888882
2078,-9.083333333333321
2079,-11.749999999999993
2080,-8.638888888888882
2081,-10.444444444444432
2082,-10.680555555555543
2083,19.86111111111113
2084,-4.361111111111111
2085,19.86111111111113
2086,19.86111111111113
2087,-2.76388888888889
2088,-4.361111111111111
2089,-8.638888888888882
2090,-4.361111111111111
2091,-2.76388888888889
2092,-8.152777777777771
2093,-8.152777777777771
2094,-8.152777777777771
2095,-8.638888888888882
2096,-9.847222222222213
2097,18.0277777777778
2098,-8.152777777777771
2099,-4.361111111111111
2100,-7.624999999999991
2101,-7.055555555555551
2102,-7.666666666666661
2103,-8.569444444444432
2104,-6.444444444444441
2105,-9.083333333333321
2106,-7.388888888888881
2107,-7.624999999999991
2108,19.86111111111113
2109,19.86111111111113
2110,-7.624999999999991
2111,19.86111111111113
2112,-8.72222222222221
2113,18.916666666666686
2114,19.86111111111113
2115,-9.083333333333321
2116,-7.624999999999991
2117,-1.90277777777778
2118,-9.124999999999991
2119,-5.38888888888888
2120,-5.791666666666661
2121,-5.791666666666661
2122,-10.874999999999982
2123,-4.361111111111111
2124,19.86111111111113
2125,19.86111111111113
2126,-9.083333333333321
2127,-8.638888888888882
2128,18.916666666666686
2129,19.86111111111113
2130,19.86111111111113
2131,-7.055555555555551
2132,-6.736111111111101
2133,-2.76388888888889
2134,-5.0972222222222205
2135,-4.361111111111111
2136,-5.0972222222222205
2137,19.86111111111113
2138,-9.847222222222213
2139,19.86111111111113
2140,-3.5833333333333304
2141,-10.722222222222213
2142,-6.777777777777771
2143,-9.680555555555541
2144,-5.791666666666661
2145,-7.624999999999991
2146,-10.166666666666652
2147,-5.791666666666661
2148,-10.430555555555541
2149,19.86111111111113
2150,-10.166666666666652
2151,-4.361111111111111
2152,18.638888888888907
2153,-11.72222222222221
2154,-7.624999999999991
2155,-9.486111111111102
2156,-6.444444444444441
2157,-7.055555555555551
2158,19.86111111111113
2159,-10.444444444444432
2160,19.86111111111113
2161,18.472222222222236
2162,19.375000000000018
2163,19.86111111111113
2164,19.166666666666686
2165,-1.90277777777778
2166,-3.5833333333333304
2167,-10.680555555555543
2168,19.375000000000018
2169,-6.444444444444441
2170,-10.444444444444432
2171,19.86111111111113
2172,19.86111111111113
2173,19.250000000000018
2174,-10.527777777777763
2175,-9.486111111111102
2176,19.86111111111113
2177,-10.90277777777776
2178,-8.152777777777771
2179,19.86111111111113
2180,19.86111111111113
2181,19.291666666666686
2182,19.250000000000018
2183,-4.361111111111111
2184,-5.791666666666661
2185,19.86111111111113
2186,-7.097222222222221
2187,-7.999999999999991
2188,19.86111111111113
2189,-5.0972222222222205
2190,-8.152777777777771
2191,19.375000000000018
2192,-8.277777777777771
2193,-10.430555555555541
2194,-5.791666666666661
2195,-3.7083333333333304
2196,-7.388888888888881
2197,19.333333333333346
2198,19.86111111111113
2199,-9.486111111111102
2200,-3.7083333333333304
2201,-9.499999999999991
2202,-7.02777777777777
2203,-3.5833333333333304
2204,-5.916666666666661
2205,19.86111111111113
2206,-11.055555555555541
2207,-12.499999999999984
2208,-3.7083333333333304
2209,-5.26388888888889
2210,-6.486111111111101
2211,-6.902777777777771
2212,-12.749999999999972
2213,19.86111111111113
2214,-7.874999999999991
2215,-5.0972222222222205
2216,-7.624999999999991
2217,18.638888888888907
2218,-1.90277777777778
2219,19.86111111111113
2220,-9.52777777777776
2221,18.916666666666686
2222,-5.791666666666661
2223,-6.444444444444441
2224,-3.5833333333333304
2225,-7.055555555555551
2226,18.347222222222236
2227,-5.0972222222222205
2228,-11.027777777777763
2229,-4.361111111111111
2230,-7.916666666666661
2231,-5.83333333333333
2232,-12.097222222222202
2233,-11.138888888888882
2234,-2.76388888888889
2235,-5.0972222222222205
2236,-8.638888888888882
2237,-5.0972222222222205
2238,-9.847222222222213
2239,-5.13888888888889
2240,-8.152777777777771
2241,-4.402777777777771
2242,19.375000000000018
2243,19.86111111111113
2244,-5.0972222222222205
2245,18.916666666666686
2246,-10.874999999999982
2247,-9.083333333333321
2248,-9.486111111111102
2249,-4.527777777777771
2250,-7.472222222222231
2251,-5.347222222222211
2252,-10.04166666666665
2253,-10.680555555555543
2254,-10.444444444444432
2255,19.86111111111113
2256,19.86111111111113
2257,-7.624999999999991
2258,19.86111111111113
2259,17.9027777777778
2260,-6.486111111111101
2261,-10.680555555555543
2262,-10.680555555555543
2263,-6.444444444444441
2264,-7.624999999999991
2265,-9.90277777777776
2266,-5.791666666666661
2267,-6.444444444444441
2268,-4.361111111111111
2269,-8.152777777777771
2270,-10.034722222222229
2271,18.916666666666686
2272,-9.291666666666652
2273,-4.361111111111111
2274,-4.361111111111111
2275,-7.055555555555551
2276,19.250000000000018
2277,-7.624999999999991
2278,-5.0972222222222205
2279,-6.444444444444441
2280,-8.638888888888882
2281,19.86111111111113
2282,-7.055555555555551
2283,-3.5833333333333304
2284,17.902777777777786
2285,-9.736111111111102
2286,19.86111111111113
2287,-9.083333333333321
2288,-7.055555555555551
2289,-8.152777777777771
2290,-4.402777777777771
2291,-10.152777777777771
2292,-9.51388888888887
2293,-2.76388888888889
2294,-4.402777777777771
2295,-4.361111111111111
2296,-9.486111111111102
2297,-4.361111111111111
2298,19.86111111111113
2299,19.86111111111113
2300,19.86111111111113
2301,-6.444444444444441
2302,-5.791666666666661
2303,18.916666666666686
2304,19.86111111111113
2305,-8.152777777777771
2306,-10.166666666666652
2307,-9.694444444444443
2308,-7.055555555555551
2309,19.86111111111113
2310,-5.791666666666661
2311,-10.166666666666652
2312,19.86111111111113
2313,19.86111111111113
2314,18.194444444444464
2315,19.86111111111113
2316,-2.76388888888889
2317,-5.0972222222222205
2318,-7.624999999999991
2319,19.208333333333346
2320,-3.5833333333333304
2321,-7.624999999999991
2322,-6.444444444444441
2323,-6.444444444444441
2324,-9.486111111111102
2325,-4.402777777777771
2326,18.916666666666686
2327,-5.791666666666661
2328,18.30555555555558
2329,-5.791666666666661
2330,-9.847222222222213
2331,19.86111111111113
2332,-6.444444444444441
2333,-8.65277777777776
2334,-2.84722222222222
2335,-9.930555555555541
2336,-9.291666666666663
2337,19.041666666666686
2338,-7.055555555555551
2339,-9.611111111111102
2340,-7.666666666666661
2341,-6.444444444444441
2342,-9.472222222222209
2343,-6.56944444444444
2344,18.43055555555558
2345,-9.486111111111102
2346,19.86111111111113
2347,-6.65277777777778
2348,19.86111111111113
2349,-7.055555555555551
2350,-7.055555555555551
2351,18.916666666666686
2352,-5.83333333333333
2353,-10.638888888888882
2354,-10.02777777777776
2355,19.86111111111113
2356,-9.083333333333321
2357,-5.0972222222222205
2358,-2.84722222222222
2359,-9.847222222222213
2360,19.86111111111113
2361,-8.763888888888872
2362,-6.041666666666661
2363,19.86111111111113
2364,-4.361111111111111
2365,18.916666666666686
2366,-9.847222222222213
2367,-9.486111111111102
2368,-4.361111111111111
2369,-10.444444444444432
2370,-5.180555555555551
2371,-4.361111111111111
2372,-2.76388888888889
2373,-4.361111111111111
2374,-7.055555555555551
2375,19.86111111111113
2376,-7.666666666666661
2377,-9.847222222222213
2378,-9.09722222222221
2379,-4.361111111111111
2380,-7.055555555555551
2381,19.86111111111113
2382,-5.0972222222222205
2383,-6.041666666666661
2384,-5.0972222222222205
2385,-6.444444444444441
2386,-5.0972222222222205
2387,-7.624999999999991
2388,-9.055555555555541
2389,-6.486111111111101
2390,-2.76388888888889
2391,-6.444444444444441
2392,-3.5833333333333304
2393,-10.166666666666652
2394,-7.51388888888888
2395,19.86111111111113
2396,19.86111111111113
2397,-10.847222222222202
2398,19.86111111111113
2399,19.86111111111113
2400,19.86111111111113
2401,19.86111111111113
2402,-2.76388888888889
2403,-4.361111111111111
2404,19.86111111111113
2405,19.86111111111113
2406,-4.361111111111111
2407,-9.083333333333321
2408,-10.430555555555541
2409,18.916666666666686
2410,-8.152777777777771
2411,-8.152777777777771
2412,-2.76388888888889
2413,18.916666666666686
2414,-2.76388888888889
2415,-8.638888888888882
2416,19.86111111111113
2417,-4.361111111111111
2418,-6.736111111111101
2419,-5.180555555555551
2420,-12.2222222222222
2421,-5.791666666666661
2422,-11.43055555555553
2423,-6.736111111111101
2424,-8.72222222222221
2425,19.291666666666686
2426,-3.5833333333333304
2427,-5.83333333333333
2428,-10.402777777777771
2429,-10.874999999999982
2430,-2.76388888888889
2431,-3.5833333333333304
2432,-9.41666666666666
2433,-9.083333333333321
2434,19.86111111111113
2435,-4.361111111111111
2436,-3.7083333333333304
2437,-5.791666666666661
2438,19.86111111111113
2439,-9.56944444444443
2440,-7.055555555555551
2441,-9.083333333333321
2442,-8.152777777777771
2443,-3.5833333333333304
2444,-10.166666666666641
2445,-2.76388888888889
2446,19.86111111111113
2447,19.86111111111113
2448,19.86111111111113
2449,-2.76388888888889
2450,19.86111111111113
2451,-8.152777777777771
2452,-10.569444444444434
2453,-9.09722222222221
2454,-11.138888888888873
2455,19.86111111111113
2456,19.86111111111113
2457,-5.83333333333333
2458,-10.680555555555543
2459,-8.152777777777771
2460,-3.5833333333333304
2461,-5.9166666666666705
2462,-8.569444444444432
2463,-3.5833333333333304
2464,-9.083333333333321
2465,-7.666666666666661
2466,-11.90277777777776
2467,19.86111111111113
2468,19.86111111111113
2469,-7.624999999999991
2470,18.916666666666686
2471,-9.486111111111102
2472,-8.152777777777771
2473,-5.0972222222222205
2474,-10.430555555555541
2475,19.86111111111113
2476,-7.055555555555551
2477,-2.76388888888889
2478,-4.402777777777771
2479,18.916666666666686
2480,-8.680555555555552
2481,-8.152777777777771
2482,19.86111111111113
